{
  "metadata": {
    "timestamp": "2025-11-28T13:57:44.242568",
    "seed": 42,
    "num_test_cases": 14,
    "claims_to_test": [
      "SHA256 frac vs prediction error: No linear correlation",
      "Hash-bounds adjustment collapses errors toward zero",
      "v1's 42.9% per-N rate better than 15.5% random baseline",
      "Variable optimal attenuation: range -0.8 to +1.2",
      "Bit-length scaling: atten \u2248 bit_length / 100 - 0.5"
    ],
    "elapsed_seconds": 0.005573272705078125
  },
  "test_results": [
    {
      "name": "127-bit Challenge",
      "N": "137524771864208156028430259349934309717",
      "p": "10508623501177419659",
      "q": "13086849276577416863",
      "bit_length": 127,
      "precision_dps": 708,
      "sha_frac": 0.9933990417238404,
      "true_position": 0.8960977069412962,
      "err_orig": -0.0973013347825442,
      "optimal_attenuation": 0.1972061689511845,
      "err_adj_optimal": 0.0,
      "err_adj_fixed_neg042": -0.3045289323065572,
      "reduction_pct_optimal": 100.0,
      "reduction_pct_fixed": -212.97508198334555,
      "predicted_atten_by_bits": 0.77,
      "category": "challenge"
    },
    {
      "name": "RSA-100 (330-bit)",
      "N": "1522605027922533360535618378132637429718068114961380688657908494580122963258952897654000350692006139",
      "p": "37975227936943673922808872755445627854565536638199",
      "q": "40094690950920881030683735292761468389214899724061",
      "bit_length": 330,
      "precision_dps": 1520,
      "sha_frac": 0.2681878765754547,
      "true_position": 0.9732104408328169,
      "err_orig": 0.7050225642573622,
      "optimal_attenuation": 3.0413532900786637,
      "err_adj_optimal": 0.0,
      "err_adj_fixed_neg042": 0.8023836560956713,
      "reduction_pct_optimal": 100.0,
      "reduction_pct_fixed": -13.809641956759888,
      "predicted_atten_by_bits": 2.8,
      "category": "rsa"
    },
    {
      "name": "50-bit Balanced",
      "N": "953173186557853",
      "p": "30872537",
      "q": "30874469",
      "bit_length": 50,
      "precision_dps": 400,
      "sha_frac": 0.7223503859531689,
      "true_position": 0.9999687115230201,
      "err_orig": 0.2776183255698512,
      "optimal_attenuation": -1.2485623732100144,
      "err_adj_optimal": 0.0,
      "err_adj_fixed_neg042": 0.1842311634695203,
      "reduction_pct_optimal": 100.0,
      "reduction_pct_fixed": 33.6386879031276,
      "predicted_atten_by_bits": 0.0,
      "category": "balanced"
    },
    {
      "name": "55-bit Balanced",
      "N": "15487204880478497",
      "p": "124443551",
      "q": "124451647",
      "bit_length": 54,
      "precision_dps": 416,
      "sha_frac": 0.7826892123411995,
      "true_position": 0.9999674727821307,
      "err_orig": 0.21727826044093126,
      "optimal_attenuation": -0.7686117862137638,
      "err_adj_optimal": 0.0,
      "err_adj_fixed_neg042": 0.09854879125762749,
      "reduction_pct_optimal": 100.0,
      "reduction_pct_fixed": 54.643970796876516,
      "predicted_atten_by_bits": 0.040000000000000036,
      "category": "balanced"
    },
    {
      "name": "60-bit Balanced",
      "N": "1058288258369014289",
      "p": "1028731103",
      "q": "1028731663",
      "bit_length": 60,
      "precision_dps": 440,
      "sha_frac": 0.9642252786484663,
      "true_position": 0.9999997278201419,
      "err_orig": 0.03577444917167558,
      "optimal_attenuation": -0.0770626909327911,
      "err_adj_optimal": 0.0,
      "err_adj_fixed_neg042": -0.15920016786068025,
      "reduction_pct_optimal": 100.0,
      "reduction_pct_fixed": -345.01081511194013,
      "predicted_atten_by_bits": 0.09999999999999998,
      "category": "balanced"
    },
    {
      "name": "65-bit Balanced",
      "N": "17893952828643691691",
      "p": "4230122681",
      "q": "4230126211",
      "bit_length": 64,
      "precision_dps": 456,
      "sha_frac": 0.36642536102759304,
      "true_position": 0.9999995827546792,
      "err_orig": 0.6335742217270861,
      "optimal_attenuation": 4.743222415581194,
      "err_adj_optimal": 0.0,
      "err_adj_fixed_neg042": 0.6896755700954971,
      "reduction_pct_optimal": 100.0,
      "reduction_pct_fixed": -8.854739736014183,
      "predicted_atten_by_bits": 0.14,
      "category": "balanced"
    },
    {
      "name": "70-bit Balanced",
      "N": "1074923952664148039891",
      "p": "32786029187",
      "q": "32786036593",
      "bit_length": 70,
      "precision_dps": 480,
      "sha_frac": 0.869273853426026,
      "true_position": 0.9999998870555702,
      "err_orig": 0.1307260336295441,
      "optimal_attenuation": -0.3540083664648937,
      "err_adj_optimal": 0.0,
      "err_adj_fixed_neg042": -0.024368984809386866,
      "reduction_pct_optimal": 100.0,
      "reduction_pct_fixed": 81.35873618070252,
      "predicted_atten_by_bits": 0.19999999999999996,
      "category": "balanced"
    },
    {
      "name": "75-bit Balanced",
      "N": "18326380299679452414047",
      "p": "135374960471",
      "q": "135374963257",
      "bit_length": 74,
      "precision_dps": 496,
      "sha_frac": 0.015492947568237811,
      "true_position": 0.9999999897100618,
      "err_orig": 0.9845070421418239,
      "optimal_attenuation": 2.0319767012689285,
      "err_adj_optimal": -0.0,
      "err_adj_fixed_neg042": 1.1880000041631642,
      "reduction_pct_optimal": 100.0,
      "reduction_pct_fixed": -20.669528333554155,
      "predicted_atten_by_bits": 0.24,
      "category": "balanced"
    },
    {
      "name": "80-bit Balanced",
      "N": "1058833395491679762072509",
      "p": "1028996299987",
      "q": "1028996309807",
      "bit_length": 80,
      "precision_dps": 520,
      "sha_frac": 0.6440847332013042,
      "true_position": 0.9999999952283599,
      "err_orig": 0.3559152620270557,
      "optimal_attenuation": -2.4701802482418307,
      "err_adj_optimal": 0.0,
      "err_adj_fixed_neg042": 0.2953996740825079,
      "reduction_pct_optimal": 100.0,
      "reduction_pct_fixed": 17.002807803152752,
      "predicted_atten_by_bits": 0.30000000000000004,
      "category": "balanced"
    },
    {
      "name": "100-bit Balanced",
      "N": "1224547385928312014508011361299",
      "p": "1106592691968293",
      "q": "1106592691977943",
      "bit_length": 100,
      "precision_dps": 600,
      "sha_frac": 0.04742354852926228,
      "true_position": 0.9999999999956398,
      "err_orig": 0.9525764514663775,
      "optimal_attenuation": 2.1047857182378573,
      "err_adj_optimal": -0.0,
      "err_adj_fixed_neg042": 1.1426585610840874,
      "reduction_pct_optimal": 100.0,
      "reduction_pct_fixed": -19.95452536382789,
      "predicted_atten_by_bits": 0.5,
      "category": "balanced"
    },
    {
      "name": "150-bit Balanced",
      "N": "1259562021472094962609096623377245373160906199",
      "p": "35490308838781538032147",
      "q": "35490308838781538035117",
      "bit_length": 150,
      "precision_dps": 800,
      "sha_frac": 0.4539349321506795,
      "true_position": 1.0,
      "err_orig": 0.5460650678493205,
      "optimal_attenuation": 11.85421173448625,
      "err_adj_optimal": 0.0,
      "err_adj_fixed_neg042": 0.5654123963460351,
      "reduction_pct_optimal": 100.0,
      "reduction_pct_fixed": -3.5430445263444854,
      "predicted_atten_by_bits": 1.0,
      "category": "balanced"
    },
    {
      "name": "200-bit Balanced",
      "N": "1372071272408557393389692219187123990352857016298585777521561",
      "p": "1171354460617518369720623798063",
      "q": "1171354460617518369720623800247",
      "bit_length": 200,
      "precision_dps": 1000,
      "sha_frac": 0.215035739401838,
      "true_position": 1.0,
      "err_orig": 0.784964260598162,
      "optimal_attenuation": 2.7546059949779718,
      "err_adj_optimal": 0.0,
      "err_adj_fixed_neg042": 0.90464925004939,
      "reduction_pct_optimal": 100.0,
      "reduction_pct_fixed": -15.24718964402596,
      "predicted_atten_by_bits": 1.5,