{
  "results": [
    {
      "test_case": "Gate 1 (30-bit)",
      "baseline_success": true,
      "nr1_success": true,
      "nr2_success": true,
      "baseline_time": 0.32468104362487793,
      "nr1_time": 0.41583919525146484,
      "nr2_time": 0.5575318336486816,
      "nr1_overhead_pct": 28.076216156280132,
      "nr2_overhead_pct": 71.71678008181752,
      "nr1_score_lift": 0.0,
      "nr2_score_lift": 0.0,
      "nr1_triggers": 13,
      "nr2_triggers": 13,
      "nr1_improvements": 0,
      "nr2_improvements": 0
    },
    {
      "test_case": "Gate 2 (60-bit)",
      "baseline_success": true,
      "nr1_success": true,
      "nr2_success": true,
      "baseline_time": 0.38115906715393066,
      "nr1_time": 0.6302103996276855,
      "nr2_time": 0.8328351974487305,
      "nr1_overhead_pct": 65.34052418938673,
      "nr2_overhead_pct": 118.50069150064084,
      "nr1_score_lift": 6.922878807769743,
      "nr2_score_lift": 6.922878807769743,
      "nr1_triggers": 12,
      "nr2_triggers": 12,
      "nr1_improvements": 2,
      "nr2_improvements": 2
    },
    {
      "test_case": "Verified 50-bit",
      "baseline_success": true,
      "nr1_success": true,
      "nr2_success": true,
      "baseline_time": 0.25249147415161133,
      "nr1_time": 0.4370400905609131,
      "nr2_time": 0.5836751461029053,
      "nr1_overhead_pct": 73.09102892657971,
      "nr2_overhead_pct": 131.16627920372116,
      "nr1_score_lift": 0.0,
      "nr2_score_lift": 0.0,
      "nr1_triggers": 10,
      "nr2_triggers": 10,
      "nr1_improvements": 0,
      "nr2_improvements": 0
    },
    {
      "test_case": "Verified 64-bit",
      "baseline_success": true,
      "nr1_success": true,
      "nr2_success": true,
      "baseline_time": 1.7921135425567627,
      "nr1_time": 3.106105327606201,
      "nr2_time": 4.069462776184082,
      "nr1_overhead_pct": 73.32078876959994,
      "nr2_overhead_pct": 127.07616897857281,
      "nr1_score_lift": 0.0,
      "nr2_score_lift": 0.0,
      "nr1_triggers": 56,
      "nr2_triggers": 56,
      "nr1_improvements": 0,
      "nr2_improvements": 0
    }
  ],
  "analysis": {
    "total_tests": 4,
    "baseline_successes": 4,
    "nr1_successes": 4,
    "nr2_successes": 4,
    "avg_nr1_overhead_pct": 59.95713951046163,
    "avg_nr2_overhead_pct": 112.11497994118808,
    "avg_nr1_score_lift": 1.7307197019424359,
    "avg_nr2_score_lift": 1.7307197019424359,
    "total_nr1_triggers": 91,
    "total_nr2_triggers": 91,
    "total_nr1_improvements": 2,
    "total_nr2_improvements": 2,
    "nr1_improvement_rate": 2.197802197802198,
    "nr2_improvement_rate": 2.197802197802198,
    "falsification_criteria": {
      "no_score_lift": false,
      "excessive_overhead": true,
      "low_improvement_rate": true,
      "majority_no_benefit": true
    },
    "criteria_met": 3,
    "hypothesis_falsified": true
  },
  "timestamp": "2025-11-25T13:50:39.377801"
}