{
  "results": [
    {
      "test_case": "Gate 1 (30-bit)",
      "baseline_success": true,
      "nr1_success": true,
      "nr2_success": true,
      "baseline_time": 0.32917070388793945,
      "nr1_time": 0.417508602142334,
      "nr2_time": 0.5589940547943115,
      "nr1_overhead_pct": 26.8365007003988,
      "nr2_overhead_pct": 69.81889584700451,
      "nr1_score_lift": 0.0,
      "nr2_score_lift": 0.0,
      "nr1_triggers": 13,
      "nr2_triggers": 13,
      "nr1_improvements": 0,
      "nr2_improvements": 0
    },
    {
      "test_case": "Gate 2 (60-bit)",
      "baseline_success": true,
      "nr1_success": true,
      "nr2_success": true,
      "baseline_time": 0.37984275817871094,
      "nr1_time": 0.6317193508148193,
      "nr2_time": 0.832648754119873,
      "nr1_overhead_pct": 66.31075286095196,
      "nr2_overhead_pct": 119.2088005342787,
      "nr1_score_lift": 6.922878807769743,
      "nr2_score_lift": 6.922878807769743,
      "nr1_triggers": 12,
      "nr2_triggers": 12,
      "nr1_improvements": 2,
      "nr2_improvements": 2
    },
    {
      "test_case": "Verified 50-bit",
      "baseline_success": true,
      "nr1_success": true,
      "nr2_success": true,
      "baseline_time": 0.2521243095397949,
      "nr1_time": 0.4409208297729492,
      "nr2_time": 0.591071605682373,
      "nr1_overhead_pct": 74.88231522686826,
      "nr2_overhead_pct": 134.4365788294124,
      "nr1_score_lift": 0.0,
      "nr2_score_lift": 0.0,
      "nr1_triggers": 10,
      "nr2_triggers": 10,
      "nr1_improvements": 0,
      "nr2_improvements": 0
    },
    {
      "test_case": "Verified 64-bit",
      "baseline_success": true,
      "nr1_success": true,
      "nr2_success": true,
      "baseline_time": 1.7798998355865479,
      "nr1_time": 3.0933516025543213,
      "nr2_time": 4.09553337097168,
      "nr1_overhead_pct": 73.79357763325703,
      "nr2_overhead_pct": 130.09909260551387,
      "nr1_score_lift": 0.0,
      "nr2_score_lift": 0.0,
      "nr1_triggers": 56,
      "nr2_triggers": 56,
      "nr1_improvements": 0,
      "nr2_improvements": 0
    }
  ],
  "analysis": {
    "total_tests": 4,
    "baseline_successes": 4,
    "nr1_successes": 4,
    "nr2_successes": 4,
    "avg_nr1_overhead_pct": 60.45578660536901,
    "avg_nr2_overhead_pct": 113.39084195405238,
    "avg_nr1_score_lift": 1.7307197019424359,
    "avg_nr2_score_lift": 1.7307197019424359,
    "total_nr1_triggers": 91,
    "total_nr2_triggers": 91,
    "total_nr1_improvements": 2,
    "total_nr2_improvements": 2,
    "nr1_improvement_rate": 2.197802197802198,
    "nr2_improvement_rate": 2.197802197802198,
    "falsification_criteria": {
      "no_score_lift": false,
      "excessive_overhead": true,
      "low_improvement_rate": true,
      "majority_no_benefit": true
    },
    "criteria_met": 3,
    "hypothesis_falsified": true
  },
  "timestamp": "2025-11-25T13:46:20.642432"
}